Answer,Predict
golden-brown,golden-brown
enchiladas,salad
white,yellow
on the left side,in the center
tomatoes,zucchini
white,white
melted,melted
covering,covering
green,green
across the bake,on top
golden-brown,golden-brown
chicken,chicken
yellow,yellow
on a plate,on top
green,green
cilantro,cilantro
yellow,white
chicken,bacon
on a sheet pan,on a plate
chicken,chicken
green,red
atop the fajita filling,on top
golden-brown,golden-brown
mahi mahi,tuna
red,red
throughout the center,on a plate
white,red
steak,chicken
brownish-red,brown
on the plate,on a plate
mushrooms,tomatoes
beige,white
golden-brown,golden-brown
falafels,chips
yellow,yellow
brown,brown
mushrooms,mushrooms
green,green
on top of,on top of
yes,vegetarian
farro,rice
orange,white
throughout,scattered
zucchini,zucchini
glass,glass
yellow,white
contained within,contained
sealed,arranged
red,red
feta fingers,bites
golden,white
blue,blue
salad,salad
yellow,white
white,brown
fills,fills
fettuccine,ravioli
creamy,creamy
cheese,mushrooms
on top of,on top
white,white
located throughout,in the center
chicken,bacon
asparagus,browned
purple,brown
figs,bananas
on top of,on top
creamy,creamy
scattered,scattered
pinkish-red,pink
filet,chicken
brown,golden-brown
on a plate,on a plate
seared,crispy
blue,white
fish,vegetables
dill,parsley
white,orange
lemony,spicy
fish,chips
orange,white
on plate,on a plate
green,green
yellow,white
fish,fish
golden-brown,golden-brown
on a plate,on a plate
green,green
white,golden-brown
fish,tofu
brown,red
on top of,on a plate
green,green
drink,ice
white,white
reddish-orange,white
on top of,on top
shiny,crispy
flan,cake
white,white
caramel-colored,white
chicken,bacon
drizzled,drizzled
purple,red
yellow,yellow
diced,sliced
pineapple,peaches
moist,creamy
throughout the dish,scattered
glass,dish
filling,fills
cranberries,cranberries
grapes,lemon
to the brim,on top of
yellow,yellow
focaccia,pita bread
green,green
wooden,wooden
yellow,yellow
bowl,pot
toasted,toasted
golden-brown,brown
down from,from the bottom
brown,brown
pretzel,burrito
brown,white
dessert,chips
rectangular,square
brown,brown
almonds,peanuts
scattered,arranged
white,white
casserole,pie
scattered,scattered
reddish-brown,red
on top,on top
black,silver
yellow,yellow
scattered,scattered
tomatoes,tomatoes
in a black pan,on top of
yellow,yellow
broccoli,zucchini
light,dark
cheddar,feta
brown,golden-brown
clustered,arranged
plate,plate
yellow,yellow
on the left,to the left
golden-brown,golden-brown
fritter,burrito
crispy,crispy
white,white
chocolate,spicy
stack,mix
brown,brown
on a plate,on a plate
swirled,swirled
pink,white
cupcake,flan
cherry,rhubarb
on top of,on top of
bowls,jars
coats,covers
cake,flan
brown,white
on the plate,on a plate
blue,white
fries,oatmeal
orange,yellow
on top of,on top
yellow,golden-yellow
casserole,salad
white,white
fries,mushrooms
golden-brown,red
orange,red
on top of,on top
yellow,yellow
potato,zucchini
reddish-brown,brown
on a plate,plate
yellow,orange
fries,chips
charred,browned
in the center,in the center
blue,white
white,brown
fudge,chips
red,red
walnuts,pecans
brown,brown
fudge,cake
on the left,in the center
sheen,has
golden-brown,golden-brown
red,red
atop the galette,on top of
green,green
golden-brown,white
pastry,vegetables
white,white
sprinkled,scattered
strawberry,cranberries
golden-brown,golden-brown
blueberries,blueberries
towards the top,on top
tan,yellow
garlic,tofu
yellow,yellow
silver,silver
green,yellow
dessert,salad
gelatin,creamy
creamy,homemade
golden-brown,golden-brown
bowl,bowl
sliced,arranged
green,green
on top of,on top of
ginger,garlic
chicken,chicken
white,white
on a plate,on a plate
red,red
translucent,dark
jar,jar
amber,amber
in the center,in the center
yellow,golden-brown
gingerbread,treats
chocolate,sprinkled
beige,white
brown,brown
yes,square
white,white
flower,rectangular
green,white
on top,located
gingerbread cookies,pizzelles
brown,brown
on a plate,on a wooden surface
beige,is
cookies,muffins
stacked,stacked
on top of,on top
white,white
yellow,white
bacon,bacon
on top,on top
gnocchi,spaghetti
shrimp,shrimp
green,green
brownish-red,brown
gnocchi,pierogi
green,green
on a plate,on the plate
yellow,yellow
pasta,meat
red,red
on top of,on top
green,green
orange-brown,yellow
macaroni,macaroni
scattered,scattered
red,red
at the top,on top
scattered,distributed
beef,chicken
yellow,yellow
orange,orange
yellow,yellow
lemon,watermelon
glass,glass
watermelon,watermelon
mint,on top
brown,brown
granola,chips
red,red
brown,brown
granola,vegetables
red,red
scattered,scattered
in the mixture,scattered
yellow,creamy
potatoes,tofu
yellow,yellow
in a baking dish,on a plate
yellow,white
dish,bowl
white,green
yellow,reddish-brown
in the lower center,in the center
diced,large
shrimp,shrimp
orange,orange
broth,milk
on the left,on a plate
bowl,dish
lemon,yellow
yellow,yellow
on the left side,on the rim
scattered,scattered
brown,red
chicken,bacon
sausage,bacon
beige,yellow
gyros,chips
brown,brown
on the left side,in the center
green,green
crispy,flaky
halibut,walleye
white,white
green,green
on top,located
beige,golden-brown
halibut,halibut
green,green
on the right,plate
golden-brown,golden-brown
halloumi,feta
gray,white
on the left,on the rim
yellow,yellow
apricot,cranberries
reddish-brown,brown
bowl,potatoes
in the upper right,in the center
pink,pink
ham,chicken
pink,pink
sandwich,toast
green,green
on a plate,on a plate
green,browned
pink,pink
ham,chicken
caramelized,browned
layered on,on top of
lettuce,on top of
potato,tomato
orange,orange
throughout,on top
yellow,yellow
brownish,yellow
plate,plate
yellow,yellow
sprinkled on top,on top
white,white
orange,orange
potato,mushrooms
fried,scrambled
on top of,on a plate
bacon,sauce
hash browns,pancakes
golden-brown,yellow
yes,overlapping
on a plate,on a plate
golden-brown,golden-brown
plate,plate
orange,blue
chives,sprinkled
brown,golden-brown
chicken,chicken
yellow,brown
in the upper right,in the center
golden-brown,golden-brown
hen,pheasant
brown,brown
at the top left,in the center
salad,soup
green-white,multicolored
over the salad leaves,on top of
tomatoes,zucchini
edamame,beans
hummus,rice
black,white
on top of,on top of
yellow,light
hummus,hummus
submerged,on top of
crackers,mushrooms
on the right,in the center
bowl,bowl
brownish-green,beige
towards the top left,in the center
beige,beige
hummus,hummus
yellow,yellow
tomatoes,salad
spices,dusted
yellow-beige,beige
bowl,bowl
orange,orange
carrots,with
on the plate,on a plate
reddish-brown,red
jars,jars
in the center,in the center
orange,red
jars,jars
glass,glass
in the center,in the center
pinkish-white,white
in the center,in the center
bottom half,of the image
orange,red
vibrant,vibrant
glass,jars
papaya,apple
fresh,fresh
on a white cloth,on a wooden surface
dark brown,brown
cubes,square
beige,orange
scattered,scattered
black,reddish-brown
dark,reddish-brown
stacked,distributed
dish,bowl
in the center,in the center
brown,brown
beef jerky,chips
scattered,scattered
reddish-brown,brown
around the edges,on top
brown,brown
beef jerky,chips
overlapping,stacked
dark brown,brown
located inside,on the plate
jar,jar
sitting,sitting
wooden,wooden
yellow-tan,yellow
plate,on a plate
white,white
glazed,textured
sloppy joe,sandwich
reddish-brown,brown
yellow,yellow
on the bottom,located
golden-brown,yellow
chicken,sausage
orange,brown
on top,on top of
chips,mushrooms
golden-brown,yellow
bun,covering
gray,white
on a plate,spilling onto
tan,yellow
bun,plate
red,red
on top,on top
diced,diced
beige,yellow
juice,margarita
on the table,on top
glass,bowl
in a glass,located in
vibrant,vibrant
glass,glass
yellow,yellow
watermelon,watermelon
pink,red
blueberries,rhubarb
green surface,white
4th of july,halloween
golden-brown,reddish-brown
dispersed,scattered
kale,kale
bowl,soup
green,green
chips,chips
bowl,plate
on a wooden surface,on a wooden surface
brownish,browned
dark green,green
kale,kale
red,red
on top of,submerged
colorful,rich
kebabs,salad
red,brown
on a plate,on a plate
pineapple,cranberries
white,white
kohlrabi,zucchini
arranged,arranged
brown,brown
on a plate,on a plate
yellow,white
noodles,fruit
yellow,yellow
on the top,on top
golden-yellow,yellow
baking,baking
sprinkling,sprinkled
noodles,garlic
brown,brown
brown,brown
lamb,chicken
in the center,on top of
reddish-brown,reddish-brown
stew,baking
fills,fills
white,bowl
throughout the stew,scattered throughout
white,white
lamb,chicken
brown,brown
scattered around,scattered throughout
lamb,chicken
gradient,homemade
brown,red
onions,vegetables
cooked,sliced
orange,white
lasagna,salad
creamy,creamy
white,red
on the surface,on top
golden-brown,yellow
lasagna,salad
black,black
on a black stovetop,on a plate
green,yellow
green,green
lasagna,salad
red,red
yellow,orange
on top of,resting on
banana,watermelon
yellow,red
on the left,in the glass
green,green
clear,clear
yellow,yellow
into the lassi,into the milkshake
green,green
transparent,clear
white,white
tan,yellow
on a plate,on a wooden surface
white,white
tan,brown
on top of,on top
strawberry,bananas
white,white
latte,smoothie
shaved chocolate,has
brown,brown
on top of,on top
yellow,yellow
in the center,sits on
pie,cake
triangular,square
on the top,on top
lemon,peaches
yellow,yellow
spoon,spoon
yellow,yellow
jars,jars
lemon curd,relish
on the tray,spoon
tan,brown
cookies,chips
on a sheet,on a plate
pink,red
strawberry,watermelon
yellow,yellow
on the rim,on the rim
lemonade,lemonade
lemonade,filled
yellow,yellow
brown,brown
brown,brown
lentils,mushrooms
visible,visible
light brown,translucent
dispersed,in the center
yellowish-orange,brown
lentils,rice
dispersed,scattered
green,green
dispersed,in the center
red,red
green,green
orange-brown,green
on the left,on top
to the right,to the left
grain,filling
translucent,green
glass,glass
whitish-yellow,green
on the rim,on the rim
lime,lemon
yellow,yellow
linguine,ravioli
green,green
scattered,scattered
beige,yellow
pasta,pasta
brown,brown
green,green
on top of,on top
white,white
golden-brown,brown
on a plate,on a plate
blueberries,rhubarb
wooden,wooden
cheese,vegetables
yellow,white
on the left,to the left
yes,vegan
white,white
in the center,in the center
golden,golden-brown
overlapping,overlapping
reddish-brown,yellow
reddish-brown,red
on the right side,located
bowl,bowl
yellow,yellow
covering,covering
vibrant,colorful
skillet,skillet
browned,reddish-brown
yellow,yellow
on top of,on top
green,green
in the center,on the plate
macaroni,macaroni
yellow,yellow
on the top,on top
yellow,yellow
macaroni,ravioli
clustered,mixed
on the left side,on the right side
ginger,spicy
mahi mahi,walleye
brown,orange
in the bottom center,in the center
golden-brown,yellow
mahi mahi,walleye
yellow,yellow
beans,zucchini
white,golden-brown
reddish-brown,brown
green,green
orange,white
spinach,zucchini
melted,melted
sticky,creamy
yellow,yellow
arranged,scattered
on top of,on top
pink,yellow
cadillac,punch
white,white
on the surface,on the rim
green,green
yellowish-green,yellow
margaritas,smoothie
silver,white
yellow-green,yellow
white,white
yellow,yellow
white,white
from the top,on top of
margaritas,margarita
blue,white
on the plate,on a plate
green,green
red,yellow
blackberries,lemon
on the wooden surface,on top
green,green
marinade,surrounds
surrounding,in the center
chicken,chicken
glossy,glossy
in the background,next to
viscous,thick
marinade,dipping
in the bowl,is contained
in the center,in the center
lemon,bananas
reddish-brown,reddish-brown
coats,covers
skewers,are
white,white
reddish-brown,brown
chicken,chicken
on the upper chicken,in the center
amber,vibrant
marmalade,margarita
amber,red
glass,glass jar
orange,red
amber,red
marmalade,relish
striped,checkered
to its left,to the left of
brown,white
coated,chocolate
three,scoops
on the left,located
coconut,sugar
marshmallows,toffee
light pink,white
on a small plate,on top
bottom,on the left
vibrant,vibrant
watermelon,lime
pink,red
on the top,on the rim
green,green
red,yellow
stemmed,glasses
brown,white
on top of,on the rim
reddish-purple,yellow
martini,smoothie
red,red
with two bright red cherries,sliced
agave,clear
pistachio,almond
green,green
cylindrical,rectangular
rectangular bar,rectangular
on the left side,on the left side
white,white
orange,orange
carrots,zucchini
in a bowl,in a brown bowl
crispy,crispy
chicken,chicken
white,white
yellow,yellow
on a plate,on a plate
mayo,chutney
smooth,creamy
gray,black
in the upper left corner,on top of
bowl,bowl
orange,red
basil,cilantro
on a light-colored surface,on a wooden surface
light green,yellow
fills,fills
bowl,container
leaves,salad
to the right of,to the left
yellow,yellow
meatballs,chicken
on top,on top of
green,green
orange-brown,brown
tomato sauce,pesto
covers,coats
green,green
sweet,spicy
meatballs,soup
brownish-red,brown
in the center,on a plate
bowl,bowl
creamy,creamy
meatballs,chicken
orange,red
underneath,behind
green,green
brown,brown
salad,mushrooms
sliced,sliced
is in,in the center
golden,golden-brown
meatloaf,salad
light-brown,brown
reddish-brown,red
towards the right side,on top of
dark,brown
meatloaf,meatloaf
white,white
with sprigs,bacon
bright,green
broccoli,zucchini
red,pink
browned,browned
across the image,throughout the bowl
yellow,orange
smoothie,smoothie
glass,glass
white,orange
near to,on top of
clear,clear
pitcher,glass jar
beige,is
in the center-left,sitting
pink,white
milkshakes,margarita
topped,on top
red,red
on each milkshake,on top of
chocolate,chocolate
brown,yellow
on top,on top
clear,clear
pitcher,jar
yellow,yellow
on a wooden board,on a wooden surface
yellowish,reddish-brown
tofu,bacon
scattered across,scattered
blue,blue
reddish-brown,brown
jar,container
viscous,creamy
on the top,on top of
tomatoes,lettuce
bowl,bowl
mixed,mixed
brown,brown
orange,golden-brown
in a clear glass bowl,on a plate
brown,brown
bowl,bowl
candies,candies
golden-brown,brown
blue,red
wooden,wooden
pretzels,mushrooms
orange,white
on the left,on the left
beige,yellow
brown,golden-brown
towards the bottom,in the center
brown,brown
jar,bowl
filled,filled
white,brown
to the left of,in the center
brown,brown
foamy,creamy
with whipped cream,sprinkled
scattered,on top
yellow-green,green
mojito,margarita
green,green
by the pitcher,served
fresh,colorful
green,red
mojito,margarita
yellow,green
strawberry,rhubarb
transparent,clear
mousse,cake
brown,brown
creamy,creamy
on a silver tray,on a plate
golden-yellow,brown
muffins,muffins
obscuring,covering
blue,white
beverage,margarita
fill,float
white,white
on top of,on top of
copper,copper
mug,mug
green,green
yellow,yellow
on the wooden surface,on the rim
brown,brown
mushrooms,chips
glossy,creamy
green,green
in a pile,stacked
yellow,yellow
eggs,mushrooms
mushroom,mushrooms
brown,brown
chicken,chicken
brown,white
on the right,in the center
herbs,herbs
creamy,charred
mushrooms,fish
black,silver
from the pan,in a pan
brown,brown
yellow,brown
enoki mushrooms,mushrooms
tangled,appear
strands,sliced
immersed,submerged
mussels,mussels
orange-red,reddish-brown
brownish-red,reddish-brown
on the left,in the center
yellow-orange,yellow
pouring,spilling
jar,jar
wooden,wooden
above the jar,on a spoon
glass,glass
wooden,wooden surface
mustard,mustard
to the right,to the left
dijon,jalapenos
tan,yellow
lined up,arranged
jars,jars
creamy,creamy
nachos,pancakes
light-orange,yellow
on top of,on top
bowl,bowl
potato,rice
white,white
golden-brown,golden-brown
cheese,cheese
on a plate,on a plate
chocolate,drizzled
nachos,rice
brown,yellow
white,white
on top of,in the center
smooth,creamy
glass,mug
pink,pink
refresher,smoothie
soup,salad
green,green
chicken,chicken
on the lower-right,on the rim
light blue,white
bowl,dish
fill,fill
yellow,yellow
in the center,in the center
crunchy,crispy
nuggets,burrito
white,white
on the right side,in the center
red,red
corn nuts,pecans
brown,brown
on the napkin,in the center
golden-brown,golden-brown
oatmeal,pie
filling,filling
white,white
on a white surface,on a plate
beige,brown
fill,fill
blueberries,blueberries
red,red
on top,on top of
black,blue
rice,tofu
green,green
okra,zucchini
in a black cooking pot,skillet
beige,white
chicken,chicken
green,green
on top,on top
tomatoes,cranberries
golden,green
olives,chips
cut,cut
on the bottom,on top
green,green
wooden,wooden
bread,pita bread
black,green
golden-brown,brown
on a wooden cutting board,on a plate
visible,visible
olives,pickles
glass,glass
white,white
yellow,yellow
spilling out of,covering
bacon,sausage
mixed,roasted
located on the left side,on top
omelette,polenta
scattered,scattered
red,red
caramelized,brown
melted,melted
onions,mushrooms
brown,white
cheese,cheese
towards the bottom,on the left
reddish-brown,red
nestled,folded
orange,white
to the left of,behind
orange,orange
plate,plate
vibrant,bright
thick,creamy
drink,drink
garnished,garnish
green,green
at the bottom,on the left
pink,purple
oreo,contains
sprinkled,sprinkled
on top surface,scattered across
circular,round
crust,pie crust
star-shaped,white
oysters,mussels
green,green
on a star-shaped plate,on a plate
white,white
oysters,mussels
yellow,yellow
reddish-brown,reddish-brown
white,white
yellow,white
scattered,scattered
shrimp,shrimp
in a bowl,in the center
chicken,sausage
scattered,scattered
orange-brown,brown
shrimp,shrimp
green,green
pancake,chips
white,white
golden brown,brown
on the left side,on the left
salty,sweet
pancakes,chips
cooking,frying
yellow,brown
golden yellow,yellow
paneer,tofu
reddish-brown,brown
on top,on top
vibrant,vibrant
green,yellow
bowl,bowl
blue,white
scattered,scattered
on top,on top
cranberry,rhubarb
glass,bowl
red,yellow
on a table,on a wooden surface
white,white
parfaits,cake
red,red
on top,on top
orange,rhubarb
yellow,yellow
fills,fills
vegetable,soup
white,pink
in the center,in the center
round,rectangular
parsnips,zucchini
beige,yellow
smooth,creamy
chicken,chicken
reddish-orange,red
pasta,macaroni
scattered amidst,in the center
diced,diced
orange,yellow
pasta,pasta
melted,melted
brownish-tan,yellow
beige,yellow
pasta,ravioli
shrimp,shrimp
green,green
over the shrimp,in the center
scattered,scattered
pasta,rice
yellow,yellow
on top,on top
dish,polenta
red,red
scattered,distributed
eggplant,zucchini
golden-yellow,golden-brown
bowls,on top of
with a brown wooden handle,silver
white,white
yellow,yellow
blueberries,rhubarb
nestled among,on top of
pavlova,ice cream
greenish-yellow,yellow
soup,salad
white,bowl
submerged,submerged
peas,soup
bowl,are
italian,italian
on the right side,in the center
vibrant,vibrant
holding,held
white,black
in the center,in the center
yellow-orange,yellow
glasses,bowl
wooden,wooden
on the rim,on the rim
reddish-yellow,red
margaritas,margarita
served,served
bright,vibrant
glasses,glasses
in the center,in the center
tea,drink
drinking,drinking
peach,chocolate
yellow,red
to the right,on the left
peachy-orange,orange
pitcher,bowl
red,red
on the left,on a wooden surface
dark,brown
peanut butter,garlic
golden brown,brown
on the lower right,on the left
cookie,cake
light brown,brown
ice cream,fruit
smooth,thick
near the top,at the bottom
yellow,white
muffins,chips
perfect,amazing
white,white
on the plate,on top of
red,yellow
in the left side,in the center
brown,brown
pecan,pecans
white,white
on top,on top of
reddish-brown,brown
tan,brown
overlapping,angled
brown,green
on the cracker,located in
appetizer,salad
penne,ravioli
distributed,distributed
red,yellow
cilantro,parsley
on top of,on top
penne,ravioli
red-orange,red
sauteed,diced
peppers,mushrooms
green,red
peppers,tomatoes
scattered across,scattered across
glistening,glistening
white,white
pesto,barbeque
container,jar
vibrant,vibrant
textured,creamy
pesto,pesto
fills,fills
white,white
on top of,on top
chicken,chicken
falling onto,spilled
green,green
scattered,scattered
pickles,oats
glass,glass
full,filled
yellow,green
sliced,cut
yellowish-green,green
pickles,pickles
on the left side,on the left
white,white
clear,clear
pickles,pickles
green,green
in a jar,jars
melted,melted
pie,potatoes
tan,golden-brown
silver,silver
apricot,blueberry
golden-brown,golden-brown
pies,cake
uneven,creamy
pie,cake
white,white
green plate,white
yellow,golden-brown
pierogi,chips
on the plate,on a plate
center,in the center
white,white
pinkish-red,red
on a plate,on a plate
rice,rhubarb
inside the bowl,on a plate
yellow,white
scattered,scattered
rice,oatmeal
red,red
on the left,in the center
large,large
to the lower left,located
chocolate,chocolate
brown,brown
on the left,located
hot,warm
brown,white
on top,on top
bread,pita bread
brown,beige
on the plate,on the left side
crumbs,scattered
white,white
bread,pita bread
red,white
tan,yellow
on a white plate,on top of
arranged,scattered
pear,rhubarb
on top of,on top
silver,silver
pizza,chips
red,red
beige,brown
on a round,pan
golden-brown,golden-brown
on the left,located
plum bread,pita bread
white,white
tan,golden-brown
cracked,toasted
on a plate,on a white plate
pink,red
plate,plate
red,red
parsley,cilantro
polenta,salad
yellow,yellow
green,green
polenta,meatloaf
in the lower center,in the center
roasted,shredded
beige,golden-brown
chicken,chicken
yellow,white
cream,red
yellow,brown
rice,rice
brown,brown
in light yellow,red
interspersed,scattered
rice,potato
red,red
green,green
above the rice,next to
pink,white
cake,cake
colorful,sprinkled
on a light brown surface,on a plate
brown,brown
ice pops,chips
white,white
on a white plate,on a plate
blurred,melted
brown,brown
cookies,muffins
on a metal baking sheet,on a plate
shiny,textured
rice,white
brown,golden-brown
stacked on,stacked
pink,white
bowl,plate
brown,brown
almonds,pecans
jar,bowl
on the same surface,on top
orange,brown
on the bottom center,wooden surface
green,white
vibrant,orange
sweet potatoes,tomato
orange,orange
within the bowl,on top of
brown,brown
apples,bananas
white,white
yellow,red
in a bowl,on a plate
applesauce,pot
blue,white
red,red
on a surface,on a wooden surface
applesauce,golden-brown
golden-brown,yellow
scooped,adding
white,white
in the bowl,located
golden-amber,yellow
jar,bowl
yellow,red
on the table,on a wooden surface
white,white
meat,chicken
carrots,onions
fried,seasoned
on the plate,in the center
adjacent,on top of
green,green
artichoke,tomatoes
white,white
to the right,on top of
green,green
asparagus,carrots
arranged,arranged
green,green
asparagus,zucchini
upwards,pointing
on top of,stacked
green,green
avocado,peaches
white,yellow
on its outer skin,crispy
scattered,on top of
green,yellow
pie,cake
white,white
on top,on top
golden-brown,golden-brown
avocado,polenta
green,green
on a white square plate,on a plate
vary,vary
raspberries,raspberries
scattered,scattered
red,red
on the white cloth,on a plate
glistening,glossy
bacon,chicken
dark brown,brown
separated by,on top of
bacon,chicken
oven,baking
on a wire rack,slow
golden-brown,golden-brown
bagel bites,chips
blue,in the image
in the bottom half,fresh
broken,white
golden-brown,golden-brown
bagels,chips
spice,glaze
on a wire rack,on a plate
pumpernickel,pita bread
brown,golden-brown
bagels,pancakes
on a black wire rack,on a plate
white,white
golden-brown,brown
melted,melted
plate,plate
sesame,sesame
on the left,on top
white,white
cheese,cheese
sausage,raisins
brown,brown
within the cheese,scattered across
beige,green
bananas,watermelon
yellow,red
to the left of,to the left
brown,brown
chocolate,pita chips
loaves,square
golden-brown,golden-brown
towards the center,on the left side
fries,fries
brown,golden-brown
white,white
on a plate,plate
bananas,peaches
golden-yellow,yellow
in coconut milk,broth
bowl,dish
golden-brown,golden-brown
banana,watermelon
together,stacked
tempura,salad
irregular,loaf
yellow,yellow
banana,cranberries
white,white
on top of,on top
dark blue,blue
golden,brown
bars,pinwheels
white,white
reddish-brown,golden-brown
chicken,chicken
white,white
on top of,above the rim
green,green
mix,mixture
white,white
dispersed,scattered
orange,orange
of beef,sausage
white,white
chicken,bacon
brown,white
green,green
at the bottom,located in
overlapping,scattered
sea bass,halibut
white,white
on the left side,in the center
green,green
yellowish,orange
scattered,scattered
sea bass,walleye
on the rack,on a plate
green,green
smooth,creamy
batter,mixed
brown,dark
on top,topped
yes,scattered
tangy,spicy
beef,bacon
tan,golden-brown
orange,white
shredded,shredded
meat,meat
coating,glossy
yellowish,brown
chicken,chicken
reddish-brown,reddish-brown
ribs,chicken
grill,grill
unevenly,scattered
on the top,located
tasty,glistening
pan,skillet
green,green
green beans,beans
in the center,in the center
reddish-brown,brown
orange,orange
with other ingredients,with
plate,plate
green,green
beans,tomatoes
tangled,scattered
yes,fill
in the bottom center,in the center
glossy,textured
beans,tomatoes
peppered,garlic
overlapping,scattered
throughout the entire image frame,in the center
tan,green
bowl,dish
fill,fill
brown,red
in the broth,submerged
sliced,diced
beef,chicken
brown,brown
with peppers,mushrooms
slow,frying
reddish-brown,brown
meat,chips
in the upper-right portion,in the center
brown,red
white,white
at the top,on top of
glasses,glasses
amber,red
surface,on the rim
red,red
beets,oatmeal
green,green
yellow,yellow
cake,cake
on a clear glass,on a white plate
yellow,brown
biscuits,muffins
clustered,arranged
baked,baked
golden-brown,yellow
pale,yellow
cream,golden-brown
on a wire rack,located in
beige,golden-brown
biscuits,chips
orange,green
across the image,in the center
flaky,crispy
light-colored,white
blondies,cake
brown,golden-brown
on top,on top
drizzle,chocolate
purple,blue
blueberries,grapes
pink,yellow
bowl,bowl
under the bowl,on a plate
golden-brown,brown
reddish-brown,yellow
covering,coated
plate,plate
yellow,yellow
in the center,in the center
green,green
spinach,avocado
avocado,green
closer to,on top of
tan,white
rice,rice
on the left side,in the center
green,green
reddish-brown,brown
brats,brats
green,green
draped over,on top
liquid,lettuce
walnuts,garlic
speckled,amazing
on top,on top
white,yellow
loaf,sliced
tan,brown
overlapping,scattered
on the board,resting on
white,yellow
golden-brown,brown
stacked,stacked
beige,brown
bread,chips
creamy,yellow
on a wire rack,on a plate
bright,golden-brown
orange,yellow
around the eggs,scattered across
brown,brown
beef brisket,chicken
green,green
gravy,coating
on the plate,located
golden-brown,brown
within,in the center
brown,brown
beef,chicken
green,green
on a plate,on the plate
rice,rice
broccoli,zucchini
green,green
red,white
cooked,baked
on a plate,on the plate
broth,milk
green,green
within the broth,on top of
square,square
brown,brown
on top,on top
green,green
brown,white
shiny,textured
pecans,pecans
brown,brown
brownies,flan
cracked,creamy
walnuts,bacon
on top of,on a plate
dark-brown,brown
arranged,arranged
brownies,cake
within the chocolate,on top of
white,white
bruschetta,kugel
red,red
on the center,on the plate
toasted,bread
melted,melted
black,on a white plate
red,red
on top,on top
reddish-brown,brown
beef,chicken
glistening,browned
on top of,in the center
orange,orange
one-third,fill
burgers,pasta
brownish-tan,red
of the burgers,plate
green,green
white,white
melted,melted
orange,white
in the dish,on the plate
layers,arranged
vegan,vegan
burritos,chips
tan,golden-brown
on top,on top of
sweet,spicy
burritos,chips
black,white
on a black plate,on a plate
orange,orange
white,white
cupcake,flan
light blue,green
on top of,on top
rectangular,cake
cake,cake
blue,white
caramel,spicy
around the perimeter,on top
shredded,shredded
cabbage,tomatoes
on the top-right,in the center
white,bowl
pinkish-red,cabbage
white,white
bowl,bowl
breadcrumbs,filling
golden,brown
shredded,shredded
green-cabbage,cabbage
white,green
orange,orange
within the salad,scattered throughout
reddish-orange,white
cabbage,cabbage
yellowish-green,red
beans,beans
in the center,in the center
cabbage,cabbage
brown,white
on top of the plate,on a plate
orange,orange
evenly-distributed ,scattered
floating in,in the center
red,red
orange,orange
light-brown,golden-brown
chicken,chicken
red,red
on the right side,in the center
spaghetti,noodles
reddish-brown,red
chicken,chicken
light-yellow,yellow
in the center,in the center
light,yellow
chicken,chicken
red,red
cheese,sprinkled
golden,golden-brown
calamari,mussels
arranging,arranged
white,white
on the plate,on top
yellow,white
bowl,soup
brown,reddish-brown
on top of,on top of
yellow,yellow
plate,plate
beef,chicken
brown,brown
in broth,submerged
yellow,red
chocolate,meat
candy,chips
brown,brown
right of orange ribbon,to the left
brown,brown
sugar,polenta
white,white
to the left,on top
brownish-red,brown
meat,burger
dark brown,brown
charred,charred
vegetables,in the center
hard,creamy
candy,chips
orange,brown
coated,with
throughout,in the center
green,white
candy,chips
reddish-brown,red
center,in the center
on the plate,on a plate
red,yellow
poured,drizzled
candy,chips
translucent,translucent
on a piece,on top
yellow,yellow
center of the image,in the image
fluffy and toasted,creamy
meringue,pie
silver,golden-brown
light-green,yellow
pasta,salad
black,red
in a creamy sauce,coated
silver,silver
brown,brown
meat,fish
bubbling,spilling
yellow-brown,red
orange,orange
carrots,zucchini
white,white
orange,orange
carrots,zucchini
glistening,glistening
in the center,in the center
green,green
yellowish,white
rice,tofu
orange,green
green,green
cashews,pecans
tan,brown
piled randomly,scattered
on a purple surface,on a wooden surface
triangular,sliced
casserole,dish
green,green
with cheese,mushrooms
egg,potatoes
beige,golden-brown
catfish,halibut
reddish-orange,red
in the upper-center,situated
fried,baked
golden-brown,golden-brown
catfish,walleye
center,in the center
green,green
on the foreground,in the center
fills,fills
cauliflower,zucchini
blue,white
yellow,white
creamy,creamy
mac-n-cheese,salad
white,white
orange-yellow,orange
off-white,white
cauliflower,cabbage
green,green
broccoli,cabbage
broccoli,zucchini
glass jars,jars
white,white
orange,orange
on the countertop,on a wooden surface
golden-brown,brown
bread,chips
on the cutting board,on top of
yellow,red
dark green,green
chard,kale
garlic,bacon
white,white
in a bowl,on top
rainbow,multicolored
chard,pesto
green,green
in a bowl,in the center
vegetables,bacon
cheeseburger,cheeseburger
yellow,yellow
golden-brown,yellow
pickle,avocado
on a white plate,on a plate
tan,tan
burger,burrito
orange,orange
located to the left,behind
beige,yellow
filling,cooling
right side of the image,in the image
silver,silver
golden-brown,brown
cheesecake,cake
white,white
sprinkled,sprinkled
white,golden-brown
cheesecake,cake
blue,blue
on the plate,on a plate
syrup,drizzled
red,red
jar,dish
on top of,on a plate
dark-brown,yellow
cheesecake,cake
glaze,creamy
strawberries,blueberries
on top of,on top
creamy,creamy
cherries,rhubarb
fills,fills
purple,red
throughout the bowl,throughout the bowl
red,red
cherries,cranberries
brown,brown
on the left,located
orange,orange
browned,pinkish-orange
chicken,chicken
on top of the plate,in the center
parsley,parsley
golden,golden-brown
brown,brown
reddish-brown sauce,red
on and around the chicken,on top of
yellow,golden-brown
red,red
sprinkled on top,on top of
fork,spoon
crispy,crispy
large,large
chili,tofu
red,reddish-brown
in a pot,on top of
sausage,sausage
green,reddish-brown
bowl,pot
in the bowl,on the plate
green,white
dip in,submerged
scattered,scattered
chips,chips
green,yellow
golden-yellow,yellow
towards the central region,in the center
swirled,speckled
tan,brown
many,pieces
rectangular,cut
in clear plastic,wrapped
dessert,dish
clear,clear
raspberries,cranberries
scattered,scattered
on a metallic surface,on top
chocolate,brown
brown,brown
golden-brown,white
on top of,on top of
creamy,creamy
cake,toast
brown,yellow
on top,on top of
chocolate,chocolate
drizzled,drizzled
brown,brown
ice cream,ice cream
white,white
at the bottom,spilled
yellow,yellow
bowl,bowl
dispersed,scattered
carrots,tomato
on the surface,on top
corn,tomato
brown,reddish-brown
yellow,yellow
across the surface,across the top
red,red
bowl,bowl
center of the bowl,is in
fills,fills
pulpy,thick
jar,bowl
brownish-yellow,reddish-brown
with the chutney,filled
label,is
red,red
apple,bananas
slices,submerged
green,yellow
in a clear liquid,on top of
white,white
bowl,bowl
brown,brown
in the center,in the center
off-white,yellow
chowder,soup
sits on,sits
circle,patterned
herbs,cheese
white,white
clams,shrimp
brown,green
in a bowl,on a plate
green,green
golden-brown,orange
pumpkin,tomato
white,white
on the plate,on a plate
crumbly,crispy
golden-brown,golden-brown
cobbler,cake
yellow,brown
with variations,crispy
baking,browning
homemade,homemade
jars,jars
yes,overlapping
vegetable,tomatoes
yes,overlapping
cocktail,smoothie
float,float
clear,clear
glass,clear
in a slight curve,distributed
clear,clear
glass,clear
white,white
yellow,yellow
on top of,on the rim
turquoise-blue,yellow
jar,mug
red,white
on the rim,on a plate
shark,garnish
garnished,contrast
orange,red
yellow-orange,orange
monkey gland,punch
on the surface,in the center
yes,sitting
cocoa,filling
no,white
yes,dark
on the upper left,positioned
spiced,spicy
chocolate-brown,yellow
two,slices
on top of,on top of
golden-brown,white
cod,halibut
resting,resting
on top of,behind
glass,glass
green,green
green,green
on the rim,on the rim
vibrant red,vibrant
light,brown
mug,mug
red,white
across a light brown surface,scattered across
coffe beans,mushrooms
clear,clear
coffee,margarita
brown,brown
straw,glasses
white,cream
coffee,lemonade
glass,glass
whipped cream,sprinkled
on the rim,on top
at the center,in the center
sausages,on top
brown with a slight char,brown
white,reddish-brown
filling,filling
white,white
bowl,bowl
green,green
pink,pink
multicolored,mix
creamy,creamy
coleslaw,relish
orange,orange
in the left,submerged
onion,bacon
green,green
bowl,spoon
orange,orange
creamy,creamy
in a glass bowl,on a plate
red-purple,red
in the bowl,contained
wooden board,bowl
cutting and serving,skewers
to the right of,in the center
yes,melted
cookie,toast
brown,brown
on the pan,on a wooden surface
clear,white
jar,bowl
brown,brown
with red ribbon,bacon
bright,vibrant
on the colorful surface,on a wooden surface
orange juice,fills
into the cooler,into the milkshake
yellow,yellow
yes,yellow
across the majority of,in the center
melted and browned cheese,with
brownish-orange,yellow
light,yellow
golden-brown,yellow
glass,jars
on the top-left,located
yellow,yellow
corn,tomato
mixed,sliced
red,red
brown,black
beans,vegetables
red,red
on the right,submerged
white,white
scattered,scattered
yellow,yellow
in a bowl,on top of
in a bowl,in the center
golden-yellow,yellow
cornbread,pita bread
black,black
coarse,crispy
golden,yellow
cornbread,pita bread
white,white
on a plate,on top of
cornbread,herbs
cornbread,pita bread
green,green
on the top-left,in the center
cottage cheese,feta
white,white
yellow,yellow
around the cottage cheese,on top of
chicken,chicken
on the pan,in the center
spinach,zucchini
white,white
in the foreground,on top of
yellow,yellow
couscous,quinoa
white,white
green,green
on top of,on a plate
tan,beige
filling,is
couscous,quinoa
white,white
creamy,creamy
tan,yellow
couscous,rice
red,red
green,green
within the pot,in the center
bowl,bowl
white,yellow
beige,brown
small and round,rectangular
in a white bowl,plate
yellowish-orange,white
green,green
across the top,on top
spoon,spoon
crab cakes,chips
golden,brown
green,green
reddish-orange,golden-brown
crab,shrimp
clustered,scattered
sausages,bacon
red,red
pie,cake
tan,brown
golden,golden-brown
towards the left,running vertically
cranberry,teriyaki
chicken,chicken
light blue,white
golden brown,golden-brown
on a plate,on a plate
fills,fills
bowl,bowl
thick,thick
light brown and red,brown
in the center,in the center
crawfish,shrimp
green,green
within a white bowl,plate
beige,white
piled,piled
crawfish,shrimp
red,pink
on top of,on top of
light,creamy
walnuts,peanuts
beige,brown
on top,on top of
bowl,bowl
soft,creamy
cream,cake
off-white,brown
fills,fills
on top,on top of
white,white
blueberries,rhubarb
brown,yellow
blueberries,filling
on the plate,on top
golden brown,yellow
crepe,in the center
darker,textured
in the center,in the center
purple,red
rolls,patties
golden brown ,golden-brown
flaky dough,filling
on the lower right,behind
golden-yellow,golden-brown
overlap,arranged
cheese,burrito
lacy,crispy
on the upper-left,in the center
white,white
brown,browned
on a white plate,on a plate
the crisp in the front,larger
green,white
cones,square
golden-brown,golden-brown
lies,leaning
brown,brown
croquettes,chips
dark,brown
on a plate,on a plate
arranged,arranged
yummylicious,amazing
croquettes,chips
golden,golden-brown
on a silver metal rack,on a plate
brown,brown
beige,white
croquettes,chips
golden brown,golden-brown
resting on the plate,resting on
yes,visible
pie,cake
green,green
off-white,white
on a white plate,on a plate
red,red
bowl,dish
orange,yellow
mixed,mixed
on top of,on top of
red,red
bowl,dish
yes,covered by
golden-brown,brown
at the bottom,on top
pie,cake
red,red
beneath,on top of
brown,brown
green,white
scattered,scattered
brown,brown
berries,cranberries
atop,on a plate
golden-brown,golden-brown
pie,chips
lattice,flower
across the entire top,on top
leaves,pizzelles
yellow,golden-brown
pie,chips
crust,pie crust
crimped,crimped
in the center,in the image
golden,golden-brown
pie,chips
red,yellow
tan,white
dripping,dripping
tan,golden-brown
premium,amazing
cheese,cheese
in the lower portion,in the center
green,white
cucumbers,mushrooms
white,white
creamy,creamy
throughout the image,throughout the image
white,white
salad,salad
red,red
on a plate,on the plate
green,green
green,green
salad,salad
visible,visible
white,white
inside a transparent bowl,on a plate
green,green
cucumbers,zucchini
sliced,cut
on their surfaces,on top
fresh,bright
cucumbers,tomatoes
green,green
overlapping,scattered
yellow,yellow
margaritas,margarita
white,red
cucumber,zucchini
on the rim,on a plate
green,green
cucumber,zucchini
wooden,wooden surface
cucumbers,tomatoes
fill,fill
white,white
in a shallow bowl,on a plate
white,white
golden-brown,golden-brown
on a white surface,on a plate
pink,white
reddish-brown,brown
cupcake,cake
on the plate,on a plate
yellow,yellow
curd,hummus
glass,dish
submerged inside,submerged
smooth,creamy
curry,meatloaf
white,white
golden-brown,orange
on top of,on top
covering,topped
cake,flan
roses,resembling
swirling,stacked
over the entire surface,on a plate
yellow,yellow
custard,cake
into the custard,into the sorbet
orange-brown,golden-yellow
custard,ice cream
fills,fills
white,white
on the plate,on a wooden surface
pale,golden-brown
chicken,chicken
brown,green
on top,on a plate
red,white
white,red
immersing,covering
dark,green
spices,mushrooms
across the bowl,scattered across
raspberry,rhubarb
golden-brown,golden-brown
plate,on a plate
red,red
on a plate,on a plate
turkish delight,cake
coated,covering
white,white
scattered,scattered
across the frame,on a plate
dessert,chips
taking,held
white,white
on top,on top of
glossy,creamy
baking,grilling
yellow,yellow
melted,shredded
in a clear glass,dish
filling,filling
bean,queso
brown-black,brown
in the center-left,in the center
white,yellow
pizza,salad
red,red
across the surface,scattered across
green,green
golden-brown,yellow
corn dogs,chips
reddish-brown,pink
on a white plate,on a plate
chocolate,chocolate
donuts,croissant
brown,brown
in the bottom left,in the center
white,white
pierogi,chips
beige,golden-brown
on plate,on a plate
fried,toasted
brown,golden-brown
doughnuts,chips
yellow,golden-brown
stacked,arranged
on top of,on top of
doughnuts,chips
white,white
in the center,located
orange-brown,golden-brown
doughnuts,chips
maple,chocolate
green,green
vanilla,chocolate
tan,brown
in the front,in the center
salad,salad
best,creamy
brownish,yellow
black,green
in the lower-left corner,in the center
orange,yellow
salad,salad
drizzled,drizzled
top of the salad,in the center
lettuce,rhubarb
white,white
bowl,bowl
brown,yellow
wasabi,tomato
towards the upper-right,in the center
orange-red,yellow
fills,fills
pitcher,bowl
white,white
to the bottom left,to the left
yellow,yellow
jar,jar
creamy,creamy
greenish,yellow
on a red surface,on a wooden surface
crispy,crispy
drumsticks,wings
white,white
blue,red
on a plate,on a plate
decorative,decorative
drumsticks,chicken
pinkish-tan,brown
on the left,positioned
green,green
pink,brown
duck,chicken
sliced,sliced
yellow,yellow
to the left,on top of
duck adobo,kugel
covering,coated
white,white
glossy,creamy
in the center,in the center
brown,brown
duck,chicken
crispy,crispy
green,green
on an oval platter,on a plate
golden-brown,golden-brown
dumplings,chips
metal,cast iron
in a metal baking pan,on a plate
amber,amber
yellow,yellow
egg,potato
sprinkled on,on top
white,white
translucent,translucent
golden-brown,yellow
eggs,filling
white,yellow
on a plate,on a plate
yellow,yellow
golden-brown,golden-brown
eggnog,croissant
white,white
on top,on top of
syrup,lettuce
round,square
eggplant,tomatoes
white,white
in the top-center,in the center
eggplant,zucchini
red,red
on top of,on top of
golden-brown,brown
empanada,chips
white,white
on a patterned napkin,on a plate
creamy,creamy
yellow,golden-brown
scattered across,scattered across
red,red
peeks,appears
white,white
popcorn,chips
spilling out,filling
brown,brown
tilted,angled
red,yellow
popcorn,chips
peppermint,spicy
glass,bowl
in a bowl,on the plate
blue,white
bowl,bowl
white,white
keto,vegan
poppers,bites
green,green
white,yellow
on a black metal rack,on a plate
gray,white
poppers,chips
wrapped,served
green,green
green,green
jalape√±o,habanero
bacon,bacon
on a white plate,on a plate
crisp,glossy
green,golden-brown
poppers,chips
cream cheese,bacon
orange,yellow
white,orange
chicken,bacon
orange,orange
on top,on top
brown,white
light,white
potatoes,tofu
black,white
at the center,on top of
potatoes,tofu
brown,yellow
reddish-brown,red
coated,creamy
on the plate,on a plate
yellow,golden-brown
potatoes,vegetables
crispy,browned
fork,spoon
on the left,to the left
spiced,garlic
potatoes,tofu
yellowish-tan,yellow
across the entire image,in the center
brown,brown
potato,tomatoes
yellow,golden-brown
scattered,scattered
roasting,slow
in the dish,on top of
brown,brown
potatoes,tofu
green,green
on top,on top
checkered,striped
light brown,brown
pralines,mushrooms
reddish-brown,brown
on a plate,on a plate
visible,visible
white,white
prawns,mussels
orange-brown,pinkish-orange
on a plate,on a plate
beige,brown
pudding,flan
cinnamon,cinnamon
brown,brown
golden-yellow,brown
pudding,salad
creamy,creamy
on a white plate,on a plate
corn,bacon
white,white
tan,brown
filling,bun
cracked,toasted
to the left,on top
yellow,brown
loaves,muffins
brown,red
on top,on top
mottled,textured
orange,orange
bowl,bowl
fills,fills
thick,creamy
in the center,on top of
white,white
bowl,bowl
beige,orange
at the bottom,to the left
glasses,glass
wooden,wooden
green,green
on a wooden board,on a wooden surface
mug,bowl
red,red
brown,golden-brown
quesadillas,chips
golden,golden-brown
on top,on a plate
brown,white
quesadillas,chips
red-orange,reddish-brown
on top,on top
yellow,yellow
queso,feta
melted,creamy
creamy,creamy
over a pile,on top
chips,is
golden-brown,golden-brown
green,green
on a white plate,on top of
colorful,colorful
soup,soup
orange,orange
on the right,in the center
sprinkled,sprinkled
reddish-brown,yellow
quinoa,tofu
fills,fills
green,red
in the center,in the center
cheesy,cheese
quinoa,rice
yellow,yellow
green,green
fills,fills
quinoa,rice
beige,yellow
green,green
within the quinoa,on top of
quinoa,rice
red,red
in,on top of
pink,red
radishes,tomatoes
bowl,bowl
silver,silver
in the bottom center,in the center
dark green,red
radish,cabbage
purple,red
distributed throughout,throughout the bowl
cheese,bacon
white,red
radish,potatoes
dispersed,scattered
orange,orange
at the bottom,in the center
golden-brown,golden-brown
pie,chips
silver,silver
raisins,bacon
golden brown,golden-brown
pie,cake
white,white
on top,on top
meringue,pie
green,green
bowl,bowl
ramen,noodles
on top,in the center
cheesy,spicy
noodles,soup
yellow,yellow
on top,on top
scallions,mushrooms
white,white
bowl,bowl
yellow,white
on top,on a plate
red,red
yellow,white
bowl,bowl
scallions,mushrooms
green,green
on top of,on top
fresh,fresh
turnovers,muffins
white,white
red,red
on a plate,on a plate
red,red
pitcher,bowl
wooden,wooden
on the wooden surface,on a wooden surface
yellow,yellow
browning,browning
chicken,bacon
creamy,creamy
at the bottom,in the center
hot,hot
on top of,on top
onions,topped
red,red
orange,green
white,white
relish,is
red,red
on,on a plate
vegetables,jam
red,red
cranberries,cranberries
walnuts,peanuts
in the center,in the center
yellow,green
zucchini,zucchini
mixed,mixed
red,red
in the mix,scattered
white,white
cake,cake
golden-brown,golden-brown
on a plate,on a plate
rhubarb,rhubarb
golden-brown,golden-brown
cake,flan
red,red
on a plate,on a plate
pink,white
rough,crispy
cookies,chips
pinkish-red,red
on a plate,on a plate
purple,white
red,red
salad,salad
white,white
atop the salad,on top of
applesauce,is
bowl,white
red,red
red,red
silver,silver
reddish-brown,reddish-brown
ribs,chicken
foreground,on top of
green,green
white,white
on top,on a plate
reddish-orange,white
rice,tofu
green,red
sausage,mushrooms
easy,easy
rice,rice
orange-red,white
on the right side,on top of
green,green
rice,burrito
fills,fills
silver,pot
wooden,wooden
throughout,on top
white,white
rigatoni,macaroni
golden-yellow,yellow
on a white plate,on a plate
green,green
green,green
scattered,scattered
red,red
on the egg,on top
risotto,salad
brown,reddish-brown
scattered,scattered
on the left,in the center
white,white
roast,meatloaf
brown,brown
within,scattered throughout
green,green
pink,brown
roast,slow
on a wooden cutting board,on a plate
golden,golden-brown
rolls,chips
brown,golden-brown
on top,on top
adjacent,overlapping
golden-brown,brown
rolls,bites
stacked,arranged
lighter,light
towards the top-left area,on the left
light pink,red
salami,chicken
white,white
yellow-orange,red
in the center,in the center
bbq,garlic
jar,pot
submerged,submerged
silver,silver
in the center,in the center
brownish,brown
fish,fish
green,green
on top of,on a plate
salad,dish
jar,jar
brown,yellow
on the wooden surface,on a wooden surface
spilled,melted
scattered,textured
reddish-brown,brown
spoon,spoon
silver,silver
on top of,submerged
bread,chips
halved,served
sits on,sits
yellow,yellow
loaf,loaf
chicken salad,meatloaf
green,white
in the center,in the center
cracker,spoon
dark green,green
salad,salad
located throughout,in the center
peach,red
halloumi,feta
creamy,creamy
bowl,bowl
red,red
adding,adding
on top,on top
white,white
green,green
bowl,bowl
throughout,throughout the bowl
green,green
salad,salad
large,large
interspersed,scattered
against the base,on top of
white,white
scattered,scattered
green onions,tomato
brown,brown
on a white plate,on the plate
red,red
salad,salad
spread,scattered
purple,white
among the leaves,on top of
red,red
halved,diced
cucumbers,zucchini
dill,cilantro
on top,on top
red,red
bowl,bowl
silver,glass
green,green
inside a silver bowl,on the plate
light,green
cucumbers,zucchini
red,red
throughout the blue bowl,on a plate
green,green
salad,salad
yellow,yellow
across the top,on top
white,white
black,black
salad,salad
white,white
yellow,yellow
white,white
rice,rice
green,green
with,with
orange,orange
salsa,hummus
white,white
tomatoes,tomato
in a bowl,on top of
colorful,colorful
bowl,bowl
apricot,rhubarb
green,green
within the mixture,scattered
murky,salsa
white,white
atop,located
yellow,yellow
distributed,scattered
green,green
white,red
on top of,on the rim
black,white
bowl,on top
reddish-orange,red
herbs,herbs
in the center,in the center
black,black
salsa,kugel
yellow,yellow
green,green
red,red
salsa,kugel
spoon,spoon
white,white
in the lower left,in the center
reddish-orange,red
cup,bowl
fills,fills
on the right,to the left
brownish-red,red
red,red
salsa,salsa
fills,fills
clear,clear
homemade,brie
salt,oats
red,green
scattered,layered
on the upper left,in the center
reddish-brown,white
salt,garlic
fills,fills
light,colorful
above a white bowl,on the right side
brown,golden-brown
sandwiches,chips
white,white
green,green
on a white surface,on a plate
blue,white
brown,brown
scattered,scattered
in the top left corner,on top
blue,white
scattered,scattered
peanut butter,cheese
golden-brown,brown
on a blue plate,on the plate
pasta,pasta
italian,italian
dripping,dripping
herbs,bacon
reddish-brown,reddish-brown
food,meat
down the sides,from the bottom
brown,white
sugar,tomato
amber,red
in a clear glass,clear
bottom,at the top
yellow,yellow
pasta,pasta
red,red
on top of,on a plate
white,green
orange-red,red
spaghetti,noodles
white,white
from center to edges,in the center
reddish-brown,white
bowl,bowl
pink,white
in the center,in the center
reddish-orange,red
sauce,polenta
fills,fills
green,red
to the left,in the center
red,red
wooden surface,wooden
white,white
next to,on top
fills,fills
brown,reddish-brown
bowl,pot
on the rim,resting on
orange,red
coated,seasoned
carrots,carrots
green,green
on a plate,on a plate
reddish-brown,reddish-brown
orange,orange
bowl,bowl
red,red
on top,on top
brownish-red,brown
beef,chicken
cooked,sliced
orange,orange
in the top center,in the center
dark brown,reddish-brown
stew,salad
light brown,silver
golden,red
from the surface,from the dish
yellowish-white,yellow
forming,filling
bowl,bowl
brownish-red,golden-brown
in the bottom-left,in the center
golden-brown,red
sausage flowers,pastries
brownish-orange,pink
sprinkled over,on top
silver tray,silver
sausage,chicken
reddish-brown,reddish-brown
in a leaf-shaped bowl,rectangular
grilled,frying
pineapple,rhubarb
creamy,is
pasta,salad
white,yellow
on the side,in the center
triangular,square
scone,chips
yellow,yellow
on a plate,on a plate
white,white
white,white
scones,muffins
golden brown,brown
in the foreground,located
yellow,yellow
tomato,rhubarb
green,green
towards the center,on top of
reddish-brown,dark
brown,brown
pumpkin seeds,pumpkin
sugar,sugar
orange,red
semifreddo,cake
silver,white
off-white,yellow
on a tray,on a plate
white,white
pinkish-orange,pinkish-orange
in the center,on a plate
green,green
white,white
shrimp,mussels
reddish-orange,brown
in the center,in the center
blue,white
shrimp,mussels
garlic,bacon
pink-orange,pinkish-orange
on a blue plate,on a plate
hash brown,rice
red,reddish-brown
scallions,parsley
white,white
pineapple,strawberries
yellow,yellow
green,green
on a white plate,on a plate
corn,tomato
yellow,yellow
scattered,scattered
red,red
on the left side,in the center
green,red
cabbage,cabbage
mixed,mixed
orange,orange
scattered,mixed
coleslaw,salad
orange,orange
in the bowl,in the center
orange,orange
glass,bowl
bright,bright
on the rim,on the rim
metal,wooden
slushies,margarita
red,orange
in a metal tray,on a plate
chocolate,spicy
cup,glass
brown,green
pink,green
smoothie,smoothie
green,green
on top of,on top of
chocolate,chocolate
smoothie,margarita
brown,green
green,white
pineapple,watermelon
clear,clear
smoothie,smoothie
to the right,on the left
green,green
smoothie,smoothie
strawberry,lemon
on top of,on the rim
solid,thick
sorbet,cake
pale,light
off-white,yellow
rich,purple
sorbet,ice cream
purple,red
in the bowl,contained
blueberry,peaches
resting,filling
pale green,white
golden-brown,yellow
crispy,crispy
in the upper-left corner,in the center
blue,white
mushrooms,mushrooms
scattered on the surface,submerged
spinach,kale
white,white
soup,soup
brown,reddish-brown
green,green
white,white
reddish-brown,reddish-brown
in the right half,in the center
vegetables,vegetables
orange,yellow
soup,salad
bread,salad
on top of,on a wooden surface
spaghetti,ravioli
red,red
cheese,cheese
around the perimeter,in the center
reddish-brown,red
spaghetti,on top of
chunky,creamy
light,yellow
cheese,cheese
red,red
in a casserole dish,on the plate
spaghetti,ravioli
scattered,scattered
meatballs,tomatoes
placed on top,on a plate
blue,white
musubi,kugel
orange-red,pink
around,wrapped
white rice,white
reddish-brown,reddish-brown
sandwich,drink
glazed,glossy
blue,white
light-brown,red
burger,burrito
reddish-brown,red
on top,located
spam,meat
green,green
spinach,tofu
white,white
with a patterned rim,has
onions,mushrooms
fresh,fresh
salad,salad
green,green
white,white
in a bowl,on a plate
green,green
spinach,tomatoes
haphazard,distributed
oily texture,creamy
spinach,kale
green,green
bowl,bowl
with shallots,mushrooms
green,green
sprouts,tomatoes
blue,white
bacon,bacon
on a white surface,on a wooden surface
green,green
sprouts,tomatoes
creamy,creamy
overlapping,scattered
green,green
sprouts,potatoes
brown,browned
scattered across,arranged
yellow,yellow
green,green
sprouts,tomatoes
brown,brown
around the sprouts,on top
green,green
brussels sprouts,tomatoes
white,white
brownish,brown
in a bowl,are
dispersed,scattered
green,green
bowl,within a white bowl
yellowish-white,yellow
covering,coated
on top,on top
black,green
green,yellow
squash,tomatoes
orange,yellow
on a white plate,on a plate
yellow,yellow
squash,tomatoes
on the concave part,on the plate
green,green
green,yellow
yellow,yellow
overlapping,arranged
on the plate,on a plate
orange-yellow,yellow
squash,tomatoes
green,yellow
charred,browned
in the center,in the center
orange,yellow
squash,tomatoes
blue,white
in the center-left,in the center
surrounding,covering
steak,chicken
tan,yellow
brown,brown
golden-brown,brown
crispy,textured
arranged,arranged
bowl,on top
white,orange-red
golden-brown,golden-brown
fish,burrito
white,pink
on the plate,on a plate
blue,blue
golden-brown,brown
green,green
beneath the steaks,in the center
reddish-brown,reddish-brown
hamburger,sausage
potatoes,zucchini
throughout the stew,in the bowl
red,white
stew,salad
ham,sausage
green,red
on the left,appear
brown,brown
scattered,scattered
orange,orange
white,white
brown,brown
chicken,sausage
orange,orange
on the left side,on the rim
brown,reddish-brown
tomatoes,tomato
meat,meat
on top,on top
yellow,yellow
yellow,yellow
atop the center,on top
orange-brown,brown
white,white
on the surface,on top
translucent,shredded
savory,spicy
vegetables,fish
green,green
around the top,in the center
yellow,red
pink,red
strawberries,blueberries
displaying,scattered
red,red
on top,on top
red,white
strawberries,bananas
bright,shiny
on a white paper liner,on top
red,red
strawberries,bananas
brown,brown
on the bottom,on top
red,red
strawberries,grapes
sliced,sliced
on the upper side,on the left
white,yellow
red,red
strawberries,bananas
clustered,scattered
juicy,glossy
red,red
strawberry,rhubarb
glass,dish
bright,vibrant
on the plate,on the rim
chestnut,peanuts
brown,golden-brown
toasted,toasted
yellow,golden-brown
brown,brown
scattered,scattered
dish,bowl
white,white
throughout the dish,on top
brown,brown
herbs,herbs
baking,baking
white,white
scattered,scattered
brown,brown
in the center,in the center
powdered,creamy
glass,glass
vegetarian,vegetarian
sushi,chips
black,white
on the plate,on a plate
green,green
swordfish,tuna
atop,in the center
red,red
pitcher,jar
on a tablecloth,on a wooden surface
orange,orange
cabbage,is
green,green
carrot,zucchini
on top,on top
red,white
tacos,chips
golden-brown,golden-brown
spilling,spilling
on a red plate,on a plate
brown,golden-brown
plate,plate
on top,on top of
topping,sprinkled
tacos,vegetables
red,red
on plate,on a plate
green,green
tacos,chips
golden-brown,golden-brown
red,red
behind,in the background
brown,pink
taffy,toffee
white,white
orange,yellow
across a white surface,on a plate
tamale,chips
yellow,yellow
on a white plate,on a plate
golden-brown,golden-brown
taquitos,chips
brown,brown
tan,golden-brown
taquitos,chips
orange,yellow
scattered over,on top
wooden,wooden
yellow,yellow
plate,on a plate
white,white
toasted,browned
on a plate,on a plate
golden brown,golden-brown
tater tots,tofu
white,white
over the tater tots,on top
orange,amber
glass,mug
scattered,scattered
brown,brown
on top,on top of
amber,amber
tea,drink
lemon,ice
green,white
on the surface,on the rim
mug,glass jar
beige,amber
on a white tiled surface,on a wooden surface
tea,drink
glass,mug
tan,amber
in the center,in the center
hot,warm
tea,drink
amber,amber
resting on a saucer,resting on
ginger,ginger
clear,clear
green,green
reddish-pink,amber
to the left,on top of
brown,golden-brown
chicken,chicken
white,white
white,white
tenderloins,chicken
reddish-brown,brown
drizzled,drizzled
on top,on top
pink,pink
pork,chicken
dark brown,brown
seared,frying
from the bottom left,in the center
golden,golden-brown
chicken,chicken
brown,brown
piled on top,on top of
green,green
white,white
tilapia,walleye
golden-brown,white
to the left,to the left
textured,textured
white,white
red,red
on top,on top of
ice cream,ice cream
located inside,on top
tofu,is
creamy,creamy
scooped,served
tofu,chicken
red,red
golden-brown,yellow
eggplant,zucchini
agedashi,hummus
brown,green
scattered,scattered
tan,golden-brown
shifted to the left,in the center
green,green
scattered,scattered
orange,golden-brown
tofu,fish
resting between,resting on
rice,lettuce
scattered,scattered
brown,browned
scattered,distributed
broccoli,onions
green,green
tofu,tofu
blue,white
on the left side,in the center
golden-brown,golden-brown
decorative,decorative
tofu,tofu
blue,white
on the upper left,to the left
mushrooms,mushrooms
red,red
tomatoes,tomatoes
white,white
closer to,to the left
green,green
red,red
tomatoes,tomatoes
yellow,red
tomato,tofu
transparent,dish
orange,yellow
gluten-free,gluten-free
yellow,white
on the plate,on top
brown,browned
white,yellow
meringue,chocolate
browned,caramelized
amber-colored,yellow
on a dark surface,resting on
white,white
tortes,muffins
copper-colored,white
on a plate,on top of
green,white
mousse,avocado
white,white
brown,brown
on top of,on top
plum,grapes
round,square
yellow,yellow
white,white
over the surface,on top
yellow,yellow
tortellini,ravioli
orange,white
tortellini,ravioli
yellow,red
red,red
on an orange plate,plate
blue,white
tortellini,ravioli
green,yellow
powdered,textured
yellow,yellow
brown,brown
in the center,in the center
yellow-tan,white
tortillas,chips
stacked,stacked
round,square
tan,white
tortillas,chips
blue,red
on top of,on a plate
tortilla,rice
brown,brown
green,green
on top,on top
white,white
golden-brown,golden-brown
meat,tofu
on top of,on a plate
scattered,arranged
marshmallows,are
congealed,creamy
on wrinkled sheet,on a plate
creamy,creamy
trifle,cake
yellow,yellow
on top,on a plate
brown,yellow
golden-brown,yellow
cake,is
red,red
with whipped topping,topped
dessert,salad
reddish-brown,brown
tri-tip,chicken
white,white
on a plate,in the center
yellow-brown,white
large,large
fish,fish
orange,orange
on the right,in the center
fish,fish
yellow,yellow
on the platter,on a plate
fillets,rollups
dark,brown
brown,brown
in a box,on a plate
white,white
white,white
chocolate,polenta
brown,brown
on a plate,on top
truffles,cake
brown,yellow
studded,textured
at the top,on top
strawberry-filled,filling
truffles,cake
brown,yellow
with a darker brown,red
circular,square
yellow,white
tuna,tuna
creamy,creamy
on the top of casserole,on top
white,white
white,white
green,green
melted,melted
in a white baking dish,in the image
creamy,creamy
turkey,chicken
yellow,white
mushrooms,mushrooms
in a dish,in the center
brownish-orange,red
turkey,chicken
scattered,distributed
green,green
on the surface,on top
white,white
blueberry,blueberry
golden-brown,golden-brown
scattered,scattered
red,white
square,rectangular
carrots,zucchini
on top,on top of
golden-brown,light
veal,chicken
white,yellow
on the plate,on a plate
drizzled,drizzled
white,white
vegetables,burrito
red,green
on a plate,are
brown,green
wellington,salad
dark blue,white
green,red
vegetables,fish
scattered,scattered
on a black grill pan,on a plate
glazed,translucent
reddish-brown,red
around the base,on top of
blackberries,rhubarb
brown,brown
venison,chicken
gravy,covering
green,white
on the plate,on a plate
golden-brown,brown
venison,chicken
on a plate,on a plate
overlapping,stacked
salad,salad
green,green
in the salad,on top of
blueberries,rhubarb
brown,yellow
reflecting,filling
pitcher,pot
vinaigrette,vinaigrette
in the foreground,in the center
vinaigrette,vinaigrette
wooden,wooden
yellow-brown,brown
jar,pot
wooden,wooden
on a wooden surface,on a wooden surface
green,green
scattered,scattered
red,red
tomato,tomato
above the middle,located
golden-brown,golden-brown
waffles,pancakes
white,white
darker,rich
on a white plate,on a plate
golden,golden-brown
brown,brown
on the left,in the center
red,red
waffle,toast
red,red
on the waffle,on top of
green,green
awesome,amazing
walleye,walleye
tan,golden-brown
red,red
watermelon,rhubarb
white,white
on top,on a plate
green,brown
pink,pink
watermelon,lemon
red,red
clear,clear
orange,white
wedges,rectangular
golden-brown,golden-brown
on plate,on a plate
herbs,herbs
brown,pink
white,golden-brown
fries,chips
orange,lemon
glasses,glasses
amber,red
on the tray,on a wooden surface
metallic,glass
wings,wings
orange,golden-brown
in the center,in the center
saucy,crispy
cauliflower,zucchini
golden brown,white
scattered across,arranged
plate,plate
golden-brown,golden-brown
wontons,soup
crispy,crispy
bowl,bowl
in the bowl,on a plate
green,green
brownish,brown
on the lower right,in the center
cilantro,parsley
tan,brown
wraps,chips
corn,mushrooms
pink,brown
on the plate,within
spinach,kale
yellow,yellow
orange,orange
yams,tomatoes
glistening,coated
on top of,on a plate
green,green
orange,orange
yams,tomatoes
scattered,scattered
white,white
on a white surface,on a plate
white,white
brown,brown
blueberries,rhubarb
creamy,creamy
yogurt,oatmeal
red,red
on top,on top of
blue,white
raspberries,rhubarb
blue,white
ziti,ravioli
reddish-orange,red
reddish-brown,golden-brown
spaghetti,chicken
throughout the entire pan,scattered across
yellow,green
zucchini,zucchini
black,red
in the center,in the center
